epoch,batch,avg_loss_group:0,exp_avg_loss_group:0,avg_acc_group:0,processed_data_count_group:0,update_data_count_group:0,update_batch_count_group:0,avg_loss_group:1,exp_avg_loss_group:1,avg_acc_group:1,processed_data_count_group:1,update_data_count_group:1,update_batch_count_group:1,avg_loss_group:2,exp_avg_loss_group:2,avg_acc_group:2,processed_data_count_group:2,update_data_count_group:2,update_batch_count_group:2,avg_loss_group:3,exp_avg_loss_group:3,avg_acc_group:3,processed_data_count_group:3,update_data_count_group:3,update_batch_count_group:3,avg_loss_group:4,exp_avg_loss_group:4,avg_acc_group:4,processed_data_count_group:4,update_data_count_group:4,update_batch_count_group:4,avg_loss_group:5,exp_avg_loss_group:5,avg_acc_group:5,processed_data_count_group:5,update_data_count_group:5,update_batch_count_group:5,avg_actual_loss,avg_per_sample_loss,avg_acc,model_norm_sq,reg_loss
0,49,1.0870803594589233,1.0349515676498413,0.42750927805900574,269.0,269.0,50.0,0.976481020450592,0.8057416081428528,0.5984849333763123,264.0,264.0,50.0,1.0980370044708252,1.0573747158050537,0.31020408868789673,245.0,245.0,49.0,1.0822018384933472,1.0241695642471313,0.36466163396835327,266.0,266.0,50.0,1.0898892879486084,1.0779370069503784,0.3394160568714142,274.0,274.0,49.0,1.1124458312988281,1.0970215797424316,0.26595744490623474,282.0,282.0,49.0,1.060389518737793,1.0746498107910156,0.3837500214576721,204179.984375,0.0
0,99,1.1223727464675903,1.2559247016906738,0.37407413125038147,270.0,270.0,50.0,0.6139776110649109,0.5783409476280212,0.8062015771865845,258.0,258.0,50.0,0.9348800778388977,0.9535605907440186,0.626505970954895,249.0,249.0,50.0,0.877597451210022,0.8970919251441956,0.718120813369751,298.0,298.0,50.0,0.9392302632331848,0.8878008127212524,0.5285715460777283,280.0,280.0,50.0,1.110708236694336,1.0705537796020508,0.2897959351539612,245.0,245.0,49.0,0.9466117024421692,0.9317899942398071,0.5612500309944153,204183.0,0.0
0,149,1.0316970348358154,1.0252970457077026,0.41999995708465576,250.0,250.0,50.0,0.6300920248031616,0.6070867776870728,0.7392995953559875,257.0,257.0,49.0,0.8849654793739319,0.9184196591377258,0.673539400100708,291.0,291.0,50.0,0.768916130065918,0.7540906667709351,0.7529413104057312,255.0,255.0,50.0,0.9034513831138611,0.8724355101585388,0.5555557608604431,279.0,279.0,50.0,0.9910072088241577,0.9785943627357483,0.45522385835647583,268.0,268.0,50.0,0.8927339315414429,0.8694432973861694,0.6000000238418579,204184.859375,0.0
0,199,0.9606409668922424,0.932417631149292,0.5111112594604492,270.0,270.0,50.0,0.5975210070610046,0.5446431636810303,0.7613635063171387,264.0,264.0,50.0,0.8632856607437134,0.8862265348434448,0.6908395290374756,262.0,262.0,50.0,0.6872954368591309,0.6624020934104919,0.7588652968406677,282.0,282.0,50.0,0.8597193360328674,0.8289439082145691,0.6224900484085083,249.0,249.0,50.0,0.8777900338172913,0.7026228904724121,0.5531136989593506,273.0,273.0,50.0,0.8245363235473633,0.8067647218704224,0.6500000357627869,204187.34375,0.0
0,249,0.8268884420394897,0.7110432982444763,0.5849055647850037,265.0,265.0,50.0,0.6136212348937988,0.6166976690292358,0.7366546988487244,281.0,281.0,50.0,0.6961886882781982,0.7181309461593628,0.7649571895599365,234.0,234.0,50.0,0.7424592971801758,0.7403953075408936,0.7410358190536499,251.0,251.0,49.0,0.8584825396537781,0.853959321975708,0.619999885559082,300.0,300.0,50.0,0.7837451696395874,0.6948568224906921,0.6356874704360962,269.0,269.0,50.0,0.7687437534332275,0.7557441592216492,0.6774998903274536,204189.921875,0.0
0,299,0.7853357791900635,0.7443976998329163,0.6162360310554504,271.0,271.0,50.0,0.5732199549674988,0.48840826749801636,0.7633587121963501,262.0,262.0,50.0,0.784590482711792,0.6705716848373413,0.6988416910171509,259.0,259.0,50.0,0.7514198422431946,0.7825217247009277,0.6899999380111694,300.0,300.0,50.0,0.8085654973983765,0.8412898778915405,0.6425857543945312,263.0,263.0,50.0,0.7193601131439209,0.7313775420188904,0.7061225771903992,245.0,245.0,50.0,0.7449242472648621,0.7378377914428711,0.6856249570846558,204191.46875,0.0
0,349,0.7484111785888672,0.7188965678215027,0.6598360538482666,244.0,244.0,50.0,0.5859051942825317,0.644232988357544,0.7832167148590088,286.0,286.0,50.0,0.6991959810256958,0.7338706254959106,0.7385160326957703,283.0,283.0,50.0,0.6114165186882019,0.7049785852432251,0.7886795401573181,265.0,265.0,50.0,0.7710282206535339,0.7011768817901611,0.669173002243042,266.0,266.0,50.0,0.624178946018219,0.6579239964485168,0.7187500596046448,256.0,256.0,50.0,0.6917362809181213,0.6718515157699585,0.7281250953674316,204193.125,0.0
0,399,0.819229245185852,0.8498885035514832,0.6175299286842346,251.0,251.0,50.0,0.5956850051879883,0.5636436343193054,0.7472922801971436,277.0,277.0,50.0,0.8134105205535889,0.8798140287399292,0.6879699230194092,266.0,266.0,49.0,0.6358256936073303,0.5795087814331055,0.7224199175834656,281.0,281.0,50.0,0.7646071314811707,0.7232788801193237,0.6838235855102539,272.0,272.0,50.0,0.6037210822105408,0.4828396141529083,0.7628457546234131,253.0,253.0,50.0,0.7251449227333069,0.7039875388145447,0.7043750286102295,204194.84375,0.0
0,449,0.7600326538085938,0.7366150617599487,0.6630038022994995,273.0,273.0,50.0,0.6890095472335815,0.5612285733222961,0.6940296292304993,268.0,268.0,50.0,0.687865138053894,0.6771767139434814,0.7275860905647278,290.0,290.0,50.0,0.5086698532104492,0.4583863615989685,0.7915059328079224,259.0,259.0,50.0,0.874126136302948,0.8086892366409302,0.615079402923584,252.0,252.0,49.0,0.6604629755020142,0.6612508296966553,0.7403100728988647,258.0,258.0,50.0,0.711194634437561,0.6962807178497314,0.7056249976158142,204196.453125,0.0
0,499,0.7236478328704834,0.7687934637069702,0.67870032787323,277.0,277.0,50.0,0.5130237340927124,0.6525160074234009,0.7999999523162842,260.0,260.0,49.0,0.6928168535232544,0.5711603164672852,0.7383512258529663,279.0,279.0,49.0,0.4959619641304016,0.49379295110702515,0.8225806951522827,248.0,248.0,50.0,0.7762618660926819,0.7400223016738892,0.6468254923820496,252.0,252.0,49.0,0.6348956823348999,0.6602491736412048,0.7464789152145386,284.0,284.0,50.0,0.6673688292503357,0.6412871479988098,0.7381249666213989,204198.484375,0.0
0,549,0.686998724937439,0.6318243741989136,0.6925925612449646,270.0,270.0,49.0,0.5554141402244568,0.5709903240203857,0.7755904197692871,254.0,254.0,49.0,0.8797197341918945,0.7231161594390869,0.664206862449646,271.0,271.0,50.0,0.5075869560241699,0.46702826023101807,0.8086642026901245,277.0,277.0,50.0,0.7722456455230713,0.7649872899055481,0.7290077209472656,262.0,262.0,50.0,0.5638369917869568,0.6223792433738708,0.8082705736160278,266.0,266.0,50.0,0.6968681216239929,0.6611746549606323,0.7462500333786011,204200.3125,0.0
0,599,0.678661584854126,0.6983658671379089,0.7081713676452637,257.0,257.0,50.0,0.5430783629417419,0.45494401454925537,0.8158844709396362,277.0,277.0,50.0,0.643311083316803,0.6512455344200134,0.7233203053474426,253.0,253.0,50.0,0.583014965057373,0.5690041184425354,0.7964285612106323,280.0,280.0,50.0,0.776278555393219,0.7545847296714783,0.6844261884689331,244.0,244.0,49.0,0.5637739896774292,0.6507086753845215,0.7716262936592102,289.0,289.0,50.0,0.6710116267204285,0.6269958019256592,0.752500057220459,204201.5,0.0
0,649,0.6497673988342285,0.6089829206466675,0.7168460488319397,279.0,279.0,50.0,0.47234466671943665,0.444429486989975,0.8333333134651184,264.0,264.0,50.0,0.8475568890571594,0.7256712317466736,0.6872587203979492,259.0,259.0,50.0,0.4729422628879547,0.47043389081954956,0.8389263153076172,298.0,298.0,50.0,0.8418508768081665,0.8555001616477966,0.6142321228981018,267.0,267.0,50.0,0.48235225677490234,0.4435187876224518,0.8240342736244202,233.0,233.0,50.0,0.6767920851707458,0.6272502541542053,0.752500057220459,204203.265625,0.0
0,699,0.7222924828529358,0.7675705552101135,0.7113401293754578,291.0,291.0,50.0,0.5634618997573853,0.509497344493866,0.7782099843025208,257.0,257.0,50.0,0.7378687858581543,0.6317523121833801,0.7315173149108887,257.0,257.0,50.0,0.43158048391342163,0.46182703971862793,0.8333333730697632,246.0,246.0,50.0,0.728991687297821,0.7124117016792297,0.6989248394966125,279.0,279.0,50.0,0.5093586444854736,0.49132436513900757,0.7888887524604797,270.0,270.0,50.0,0.6641839146614075,0.6198208332061768,0.7549999356269836,204204.5625,0.0
0,749,0.7122758626937866,0.7311419248580933,0.714285671710968,273.0,273.0,50.0,0.5066092610359192,0.5344480872154236,0.7970479726791382,271.0,271.0,50.0,0.6743316054344177,0.6659488677978516,0.7470816373825073,257.0,257.0,50.0,0.5292829871177673,0.5705297589302063,0.8131867051124573,273.0,273.0,49.0,0.7481520175933838,0.888137936592102,0.6498054265975952,257.0,257.0,50.0,0.4315665066242218,0.38671937584877014,0.8327136635780334,269.0,269.0,50.0,0.6733672022819519,0.598691463470459,0.7599999308586121,204206.359375,0.0
0,799,0.7395627498626709,0.6574344038963318,0.7044534087181091,247.0,247.0,50.0,0.4601999521255493,0.44125330448150635,0.829710066318512,276.0,276.0,50.0,0.7294279336929321,0.6964774131774902,0.7462687492370605,268.0,268.0,49.0,0.46416571736335754,0.44320759177207947,0.8339349627494812,277.0,277.0,50.0,0.6773352026939392,0.7654999494552612,0.7106225490570068,273.0,273.0,50.0,0.5139563083648682,0.5655239820480347,0.7876448631286621,259.0,259.0,50.0,0.6792420744895935,0.5948593616485596,0.7699999809265137,204208.203125,0.0
0,849,0.6683008074760437,0.5473734736442566,0.7318007349967957,261.0,261.0,50.0,0.5918746590614319,0.5908285975456238,0.7824563384056091,285.0,285.0,50.0,0.6389575600624084,0.5871556997299194,0.7435896396636963,273.0,273.0,48.0,0.4523375928401947,0.5021529793739319,0.8422937393188477,279.0,279.0,50.0,0.7005846500396729,0.7019286155700684,0.6956523060798645,253.0,253.0,50.0,0.49771395325660706,0.5639705061912537,0.8192771077156067,249.0,249.0,50.0,0.6260319352149963,0.5905793905258179,0.7699999809265137,204209.4375,0.0
0,899,0.6566804051399231,0.56465083360672,0.7098039984703064,255.0,255.0,50.0,0.6282486915588379,0.5122955441474915,0.7429717183113098,249.0,249.0,50.0,0.669295608997345,0.7195145487785339,0.7587413191795349,286.0,286.0,50.0,0.5364740490913391,0.447262704372406,0.8257839679718018,287.0,287.0,50.0,0.6249288320541382,0.668118417263031,0.7300381660461426,263.0,263.0,49.0,0.4739667773246765,0.5625709295272827,0.8153846263885498,260.0,260.0,50.0,0.6184584498405457,0.5980385541915894,0.7649999856948853,204211.296875,0.0
0,949,0.6848294138908386,0.7691875696182251,0.7218310236930847,284.0,284.0,50.0,0.49092918634414673,0.5951273441314697,0.810606062412262,264.0,264.0,50.0,0.6417624354362488,0.5815471410751343,0.7537313103675842,268.0,268.0,50.0,0.44201546907424927,0.31997454166412354,0.8615385293960571,260.0,260.0,50.0,0.675815224647522,0.6365832686424255,0.7086331248283386,278.0,278.0,50.0,0.45129069685935974,0.40024659037590027,0.8170731663703918,246.0,246.0,49.0,0.6234036684036255,0.5686920881271362,0.7768750190734863,204212.515625,0.0
0,999,0.7028014063835144,0.824871301651001,0.7174724340438843,269.0,269.0,50.0,0.47570839524269104,0.5076950788497925,0.8107143044471741,280.0,280.0,50.0,0.6763216257095337,0.5654224157333374,0.769230842590332,273.0,273.0,50.0,0.5528061985969543,0.6701535582542419,0.7851563096046448,256.0,256.0,50.0,0.5993154644966125,0.49533194303512573,0.7286245226860046,269.0,269.0,50.0,0.552931547164917,0.38726210594177246,0.7984189987182617,253.0,253.0,50.0,0.6240991950035095,0.5934460163116455,0.768125057220459,204213.859375,0.0
0,1049,0.6078066825866699,0.7331041693687439,0.761732816696167,277.0,277.0,50.0,0.5589833855628967,0.605789840221405,0.7902623414993286,267.0,267.0,50.0,0.682905375957489,0.5606487989425659,0.7561836838722229,283.0,283.0,50.0,0.3203118145465851,0.2327241748571396,0.8880000114440918,250.0,250.0,50.0,0.7489328980445862,0.7861953377723694,0.6848248839378357,257.0,257.0,50.0,0.49740543961524963,0.48799824714660645,0.8082707524299622,266.0,266.0,50.0,0.6390929818153381,0.5723354816436768,0.7806251049041748,204214.734375,0.0
0,1099,0.6385618448257446,0.6477805972099304,0.7676057815551758,284.0,284.0,50.0,0.3858538866043091,0.4183952510356903,0.8545454144477844,275.0,275.0,50.0,0.7332009077072144,0.7136259078979492,0.7007575631141663,264.0,264.0,50.0,0.4591217339038849,0.4921504557132721,0.8277154564857483,267.0,267.0,50.0,0.6050075888633728,0.5192553997039795,0.7566540241241455,263.0,263.0,50.0,0.4191608726978302,0.4406675100326538,0.862348198890686,247.0,247.0,50.0,0.605574369430542,0.5414135456085205,0.7943750619888306,204216.25,0.0
0,1149,0.6872918009757996,0.6546226143836975,0.7286819219589233,258.0,258.0,50.0,0.49889376759529114,0.4946369528770447,0.8237288594245911,295.0,295.0,50.0,0.6332208514213562,0.6652502417564392,0.7604563236236572,263.0,263.0,50.0,0.3988456130027771,0.36832261085510254,0.8612099289894104,281.0,281.0,50.0,0.6623603105545044,0.6852789521217346,0.7366253733634949,243.0,243.0,50.0,0.5318545699119568,0.4856950640678406,0.7807691693305969,260.0,260.0,50.0,0.6330115795135498,0.5639646053314209,0.7843749523162842,204217.25,0.0
0,1199,0.6018539071083069,0.5651499629020691,0.7370373010635376,270.0,270.0,50.0,0.4277532398700714,0.5505872368812561,0.8437498807907104,256.0,256.0,50.0,0.7059088945388794,0.6159984469413757,0.7275985479354858,279.0,279.0,50.0,0.5073242783546448,0.4490387439727783,0.8333335518836975,288.0,288.0,50.0,0.7158793807029724,0.665499210357666,0.7120001316070557,250.0,250.0,50.0,0.3998202383518219,0.4610854387283325,0.8715953826904297,257.0,257.0,50.0,0.6321964263916016,0.5604918599128723,0.7875000834465027,204218.359375,0.0
0,1249,0.7294978499412537,0.7451745271682739,0.6829268336296082,246.0,246.0,50.0,0.5450047850608826,0.7376598715782166,0.787148654460907,249.0,249.0,50.0,0.653114914894104,0.7096395492553711,0.7366412281990051,262.0,262.0,50.0,0.42750391364097595,0.4415437877178192,0.8394160270690918,274.0,274.0,50.0,0.6473393440246582,0.6833733320236206,0.739436686038971,284.0,284.0,50.0,0.457158625125885,0.5067529082298279,0.8280702829360962,285.0,285.0,50.0,0.6490623950958252,0.5734683871269226,0.7706249952316284,204219.375,0.0
0,1299,0.6281301379203796,0.6538795232772827,0.7335768342018127,274.0,274.0,50.0,0.5233898758888245,0.5269683599472046,0.8028168678283691,284.0,284.0,50.0,0.656406819820404,0.5647491216659546,0.7741934657096863,248.0,248.0,50.0,0.4922660291194916,0.6807719469070435,0.8287938237190247,257.0,257.0,50.0,0.6432626247406006,0.6329219341278076,0.7214285135269165,280.0,280.0,50.0,0.5165282487869263,0.4528748095035553,0.7898833155632019,257.0,257.0,50.0,0.6227965354919434,0.5768205523490906,0.7743749618530273,204220.5625,0.0
0,1349,0.6528343558311462,0.6174938678741455,0.7491288781166077,287.0,287.0,50.0,0.5114589333534241,0.4438263475894928,0.8192770481109619,249.0,249.0,49.0,0.54622882604599,0.5510557889938354,0.7992957234382629,284.0,284.0,50.0,0.5675058364868164,0.584241509437561,0.7611334919929504,247.0,247.0,50.0,0.6130495667457581,0.5688595175743103,0.7620817422866821,269.0,269.0,50.0,0.38685813546180725,0.4220627248287201,0.8636362552642822,264.0,264.0,50.0,0.5897355079650879,0.5481628775596619,0.791874885559082,204221.421875,0.0
0,1399,0.6977642178535461,0.6360354423522949,0.7030075192451477,266.0,266.0,50.0,0.5255053043365479,0.46884816884994507,0.8078432083129883,255.0,255.0,50.0,0.6532344818115234,0.6227983236312866,0.7472923994064331,277.0,277.0,49.0,0.4544815123081207,0.5253407955169678,0.8413284420967102,271.0,271.0,50.0,0.619452714920044,0.6206454634666443,0.748251736164093,286.0,286.0,50.0,0.4562793970108032,0.5283960103988647,0.8367346525192261,245.0,245.0,50.0,0.6284027695655823,0.5704196691513062,0.7793750166893005,204222.40625,0.0
0,1449,0.5976573824882507,0.617629885673523,0.7343173623085022,271.0,271.0,50.0,0.39601415395736694,0.4381479024887085,0.8333332538604736,246.0,246.0,49.0,0.6809043884277344,0.6543915271759033,0.7425373196601868,268.0,268.0,50.0,0.4798279404640198,0.4807080924510956,0.8358209133148193,268.0,268.0,49.0,0.6185622215270996,0.559077799320221,0.7536233067512512,276.0,276.0,50.0,0.45453330874443054,0.37846195697784424,0.8044279217720032,271.0,271.0,50.0,0.5987453460693359,0.5402266383171082,0.7831249833106995,204223.40625,0.0
0,1499,0.6741786599159241,0.6983272433280945,0.7020407915115356,245.0,245.0,50.0,0.45116424560546875,0.34415823221206665,0.8405797481536865,276.0,276.0,50.0,0.5314439535140991,0.40711554884910583,0.8065694570541382,274.0,274.0,50.0,0.3720928728580475,0.4295763373374939,0.8663966059684753,247.0,247.0,50.0,0.6518760919570923,0.8449795246124268,0.748251736164093,286.0,286.0,50.0,0.3993450701236725,0.4148971438407898,0.8676469326019287,272.0,272.0,50.0,0.6285407543182373,0.5139225721359253,0.8056249618530273,204224.453125,0.0
0,1549,0.6329097151756287,0.5451439023017883,0.7372549772262573,255.0,255.0,50.0,0.46483102440834045,0.42346224188804626,0.8211920857429504,302.0,302.0,50.0,0.6508035063743591,0.7118800282478333,0.7385158538818359,283.0,283.0,50.0,0.415562242269516,0.3338643014431,0.8481482267379761,270.0,270.0,50.0,0.5979605913162231,0.7077063322067261,0.7429718375205994,249.0,249.0,49.0,0.4330337643623352,0.5837863087654114,0.8257260322570801,241.0,241.0,49.0,0.603903591632843,0.5321271419525146,0.7862499952316284,204225.5,0.0
0,1599,0.6119717955589294,0.7065377235412598,0.7298388481140137,248.0,248.0,50.0,0.4259873628616333,0.42539167404174805,0.8191881775856018,271.0,271.0,50.0,0.599561333656311,0.7637339234352112,0.802973747253418,269.0,269.0,50.0,0.5065481662750244,0.5500942468643188,0.8117645978927612,255.0,255.0,50.0,0.5656449794769287,0.4813401401042938,0.7789854407310486,276.0,276.0,49.0,0.4383206367492676,0.29667872190475464,0.8683273196220398,281.0,281.0,50.0,0.590728223323822,0.5230934619903564,0.8031249046325684,204226.40625,0.0
0,1649,0.5334293246269226,0.4540262520313263,0.7620818614959717,269.0,269.0,50.0,0.3807711601257324,0.3706335425376892,0.8576781153678894,267.0,267.0,50.0,0.6541305780410767,0.6409335136413574,0.7692306637763977,247.0,247.0,50.0,0.4428536593914032,0.4479123651981354,0.8419244885444641,291.0,291.0,50.0,0.5500800609588623,0.5017262697219849,0.7535715103149414,280.0,280.0,49.0,0.4721607267856598,0.4292851388454437,0.8089430332183838,246.0,246.0,50.0,0.5548033714294434,0.5036081671714783,0.799375057220459,204227.21875,0.0
0,1699,0.6171191334724426,0.51035076379776,0.7599999308586121,275.0,275.0,50.0,0.5570123195648193,0.425070583820343,0.7670252323150635,279.0,279.0,50.0,0.5879950523376465,0.5420301556587219,0.7706766724586487,266.0,266.0,49.0,0.3003643751144409,0.2589680850505829,0.9079998731613159,250.0,250.0,49.0,0.5945684909820557,0.6386559009552002,0.7642585039138794,263.0,263.0,50.0,0.4709625840187073,0.5939239263534546,0.8239699006080627,267.0,267.0,50.0,0.5903153419494629,0.5242065787315369,0.79749995470047,204228.28125,0.0
0,1749,0.5865991711616516,0.4941372871398926,0.736263632774353,273.0,273.0,50.0,0.3786977231502533,0.4075530171394348,0.8487971425056458,291.0,291.0,50.0,0.6531224250793457,0.7541210055351257,0.7781955003738403,266.0,266.0,50.0,0.38152259588241577,0.40227288007736206,0.8726592063903809,267.0,267.0,50.0,0.6323617100715637,0.6548579335212708,0.7580644488334656,248.0,248.0,50.0,0.4576954245567322,0.44400566816329956,0.8313725590705872,255.0,255.0,50.0,0.618561327457428,0.512173593044281,0.8050000071525574,204229.34375,0.0
0,1799,0.5676368474960327,0.571178138256073,0.7651821970939636,247.0,247.0,50.0,0.4154622256755829,0.3973734676837921,0.8031495213508606,254.0,254.0,49.0,0.5660860538482666,0.6368548274040222,0.7862318754196167,276.0,276.0,50.0,0.4207679331302643,0.4837181568145752,0.8633332848548889,300.0,300.0,50.0,0.5917016863822937,0.5713584423065186,0.7888448238372803,251.0,251.0,50.0,0.5115368366241455,0.5892332196235657,0.7941176295280457,272.0,272.0,50.0,0.574861466884613,0.5099118947982788,0.8018750548362732,204229.9375,0.0
0,1849,0.5732181668281555,0.5969179272651672,0.7732342481613159,269.0,269.0,50.0,0.410847544670105,0.4575965106487274,0.8410853743553162,258.0,258.0,50.0,0.5934657454490662,0.6065623760223389,0.785714328289032,252.0,252.0,49.0,0.4256207346916199,0.3903776705265045,0.8652482628822327,282.0,282.0,50.0,0.6918227672576904,0.6488909721374512,0.7181467413902283,259.0,259.0,49.0,0.47800591588020325,0.5626742839813232,0.817857027053833,280.0,280.0,50.0,0.6275920271873474,0.5267478227615356,0.8012499809265137,204230.65625,0.0
0,1899,0.604361355304718,0.5527405142784119,0.7394635677337646,261.0,261.0,50.0,0.473111093044281,0.47522562742233276,0.8117647767066956,255.0,255.0,50.0,0.6620544195175171,0.5971515774726868,0.7547171711921692,265.0,265.0,50.0,0.43295836448669434,0.3662809431552887,0.8586205244064331,290.0,290.0,49.0,0.5519866943359375,0.46136054396629333,0.7732342481613159,269.0,269.0,50.0,0.41049060225486755,0.41894933581352234,0.8500000834465027,260.0,260.0,50.0,0.5929461717605591,0.5216224789619446,0.7987500429153442,204231.578125,0.0
0,1949,0.586146354675293,0.617723822593689,0.7820512056350708,234.0,234.0,50.0,0.4023621380329132,0.35885727405548096,0.8309860825538635,284.0,284.0,50.0,0.5760852694511414,0.5743054151535034,0.7867133617401123,286.0,286.0,50.0,0.4608822464942932,0.5107151865959167,0.8525182008743286,278.0,278.0,50.0,0.5664178729057312,0.5398486256599426,0.7689530849456787,277.0,277.0,50.0,0.45695966482162476,0.42152976989746094,0.834024965763092,241.0,241.0,50.0,0.5630763173103333,0.5070873498916626,0.8093751072883606,204232.078125,0.0
0,1999,0.5292109847068787,0.5887662768363953,0.7766324281692505,291.0,291.0,50.0,0.4627918601036072,0.5240702033042908,0.8291816115379333,281.0,281.0,50.0,0.7279971837997437,0.7833071947097778,0.7265306115150452,245.0,245.0,50.0,0.5432192087173462,0.4630151391029358,0.7972027063369751,286.0,286.0,49.0,0.5361881256103516,0.5125241875648499,0.7932490706443787,237.0,237.0,50.0,0.4395167827606201,0.46199652552604675,0.846153974533081,260.0,260.0,50.0,0.5929385423660278,0.5369474291801453,0.7956250905990601,204232.8125,0.0
0,2049,0.6804344654083252,0.5796575546264648,0.7060933113098145,279.0,279.0,50.0,0.4058355987071991,0.27065396308898926,0.8658537864685059,246.0,246.0,50.0,0.576845109462738,0.663174569606781,0.7718631625175476,263.0,263.0,50.0,0.4292750060558319,0.5445640683174133,0.8591548204421997,284.0,284.0,50.0,0.6057150959968567,0.5925613641738892,0.7480915188789368,262.0,262.0,50.0,0.46499258279800415,0.44275736808776855,0.8195489048957825,266.0,266.0,50.0,0.6094366312026978,0.5285540819168091,0.7943750023841858,204233.59375,0.0
0,2099,0.6463326215744019,0.5736578106880188,0.7545127272605896,277.0,277.0,50.0,0.34302541613578796,0.22032245993614197,0.8905109763145447,274.0,274.0,50.0,0.5608180165290833,0.5052246451377869,0.7794679403305054,263.0,263.0,50.0,0.43549618124961853,0.46316057443618774,0.8378377556800842,259.0,259.0,50.0,0.6089963316917419,0.5609022974967957,0.7698411345481873,252.0,252.0,50.0,0.4188690185546875,0.3977763056755066,0.8654544949531555,275.0,275.0,50.0,0.5906425714492798,0.5012298822402954,0.8168749809265137,204234.234375,0.0
0,2149,0.5515672564506531,0.6036220192909241,0.7745453715324402,275.0,275.0,50.0,0.4961583614349365,0.4547180235385895,0.7870723605155945,263.0,263.0,50.0,0.49162766337394714,0.49424004554748535,0.8207886219024658,279.0,279.0,50.0,0.4551261067390442,0.3470539152622223,0.8326848149299622,257.0,257.0,49.0,0.656660795211792,0.7062150835990906,0.7272725701332092,286.0,286.0,50.0,0.411975234746933,0.32219451665878296,0.829166829586029,240.0,240.0,50.0,0.5655725598335266,0.5143632888793945,0.793749988079071,204235.0625,0.0
0,2199,0.6019204258918762,0.473832368850708,0.7701149582862854,261.0,261.0,50.0,0.41416576504707336,0.4825350046157837,0.8383458256721497,266.0,266.0,50.0,0.5852569341659546,0.6186947822570801,0.7865613102912903,253.0,253.0,49.0,0.6402572393417358,0.5593869686126709,0.7777778506278992,261.0,261.0,50.0,0.6061844825744629,0.6750431656837463,0.7474401593208313,293.0,293.0,50.0,0.41801658272743225,0.38575243949890137,0.8458647131919861,266.0,266.0,50.0,0.6165280938148499,0.5445318222045898,0.7937500476837158,204235.6875,0.0
0,2249,0.585182249546051,0.5962128043174744,0.7575756311416626,264.0,264.0,50.0,0.5070350170135498,0.3728920817375183,0.7944252490997314,287.0,287.0,50.0,0.6950483322143555,0.9141731262207031,0.7370520234107971,251.0,251.0,50.0,0.396696537733078,0.32909342646598816,0.898181676864624,275.0,275.0,50.0,0.5928001999855042,0.5760614275932312,0.7661870718002319,278.0,278.0,50.0,0.4455414116382599,0.42630860209465027,0.8326530456542969,245.0,245.0,49.0,0.6295663118362427,0.535944938659668,0.7981250286102295,204236.3125,0.0
0,2299,0.5520618557929993,0.5206499695777893,0.7711266875267029,284.0,284.0,50.0,0.38716307282447815,0.3774571120738983,0.8494207859039307,259.0,259.0,50.0,0.5596656203269958,0.5296443104743958,0.7799228429794312,259.0,259.0,50.0,0.35116586089134216,0.42127320170402527,0.8862743973731995,255.0,255.0,50.0,0.6273260712623596,0.66410231590271,0.7426469326019287,272.0,272.0,50.0,0.3994755744934082,0.4256838858127594,0.8302584886550903,271.0,271.0,50.0,0.5662656426429749,0.4815325438976288,0.8087499737739563,204237.328125,0.0
0,2349,0.6828018426895142,0.8392794132232666,0.7456445693969727,287.0,287.0,50.0,0.4691462516784668,0.4168516993522644,0.7951387763023376,288.0,288.0,50.0,0.5799816846847534,0.464695006608963,0.7975708842277527,247.0,247.0,50.0,0.530372679233551,0.40511205792427063,0.7943547368049622,248.0,248.0,50.0,0.5776899456977844,0.4778069853782654,0.7534722089767456,288.0,288.0,50.0,0.37787920236587524,0.3881347179412842,0.8512395024299622,242.0,242.0,50.0,0.6313470602035522,0.5398047566413879,0.7874999642372131,204237.796875,0.0
0,2399,0.5851362943649292,0.6635234355926514,0.749163806438446,299.0,299.0,50.0,0.34502267837524414,0.2572449743747711,0.8825758099555969,264.0,264.0,50.0,0.5058364272117615,0.4971703290939331,0.8347108364105225,242.0,242.0,50.0,0.41746169328689575,0.46592336893081665,0.8791210055351257,273.0,273.0,50.0,0.6136797666549683,0.5068371891975403,0.7459016442298889,244.0,244.0,50.0,0.42794567346572876,0.35387757420539856,0.8417266011238098,278.0,278.0,50.0,0.5267375707626343,0.48195499181747437,0.8218750357627869,204238.640625,0.0
0,2449,0.5537480711936951,0.6195777654647827,0.7695313692092896,256.0,256.0,50.0,0.24953241646289825,0.2384895384311676,0.9132076501846313,265.0,265.0,50.0,0.6214785575866699,0.6747066974639893,0.7619047164916992,252.0,252.0,50.0,0.41933420300483704,0.5285122394561768,0.8571428656578064,273.0,273.0,50.0,0.5269286036491394,0.3891209363937378,0.7892720103263855,261.0,261.0,50.0,0.5142338275909424,0.5144069790840149,0.8191124200820923,293.0,293.0,50.0,0.5484616756439209,0.47948455810546875,0.8193749785423279,204239.515625,0.0
0,2499,0.5221092104911804,0.4688371419906616,0.800000011920929,280.0,280.0,50.0,0.421269953250885,0.5088797211647034,0.8357143402099609,280.0,280.0,50.0,0.6663571000099182,0.6761381030082703,0.7444444298744202,270.0,270.0,50.0,0.47055867314338684,0.4289892017841339,0.8445377349853516,238.0,238.0,50.0,0.62845379114151,0.627468466758728,0.7272726893424988,286.0,286.0,50.0,0.524154543876648,0.3553958833217621,0.8008129596710205,246.0,246.0,50.0,0.583712100982666,0.5404596328735352,0.7906249761581421,204240.296875,0.0
0,2549,0.5316175818443298,0.5401806235313416,0.7651513814926147,264.0,264.0,50.0,0.4119313955307007,0.35628125071525574,0.8185327053070068,259.0,259.0,50.0,0.5248916745185852,0.5997761487960815,0.8115939497947693,276.0,276.0,50.0,0.39876291155815125,0.542644202709198,0.854250967502594,247.0,247.0,49.0,0.47393545508384705,0.4808292090892792,0.8113878965377808,281.0,281.0,50.0,0.4369754493236542,0.4242783188819885,0.8278387188911438,273.0,273.0,50.0,0.5024855732917786,0.464294970035553,0.8143748641014099,204241.15625,0.0
0,2599,0.6301002502441406,0.6546281576156616,0.7613169550895691,243.0,243.0,50.0,0.4126371145248413,0.37291449308395386,0.8413282632827759,271.0,271.0,50.0,0.5457152128219604,0.43321284651756287,0.794964075088501,278.0,278.0,50.0,0.3826208710670471,0.4850165843963623,0.8906251788139343,256.0,256.0,50.0,0.6049489378929138,0.6354442834854126,0.7709925174713135,262.0,262.0,50.0,0.5411592721939087,0.5969954133033752,0.7931033968925476,290.0,290.0,50.0,0.599349856376648,0.5187697410583496,0.8087500333786011,204241.859375,0.0
0,2649,0.5268532037734985,0.6745097637176514,0.7870723009109497,263.0,263.0,50.0,0.3404148519039154,0.3574414551258087,0.8802817463874817,284.0,284.0,50.0,0.552749514579773,0.595962405204773,0.7827714681625366,267.0,267.0,50.0,0.486221581697464,0.46050694584846497,0.827206015586853,272.0,272.0,50.0,0.504179835319519,0.44963473081588745,0.780701756477356,228.0,228.0,50.0,0.4121011793613434,0.4041288495063782,0.8321678638458252,286.0,286.0,50.0,0.5528550744056702,0.46743157505989075,0.8168750405311584,204242.671875,0.0
0,2699,0.5619876980781555,0.6491731405258179,0.7839999198913574,250.0,250.0,50.0,0.3443250358104706,0.36657172441482544,0.8707224726676941,263.0,263.0,50.0,0.5750939249992371,0.4586877226829529,0.7832169532775879,286.0,286.0,50.0,0.466433048248291,0.4504854083061218,0.8270677328109741,266.0,266.0,49.0,0.6032095551490784,0.4523625373840332,0.7649402618408203,251.0,251.0,49.0,0.5697605013847351,0.41793113946914673,0.7429574728012085,284.0,284.0,50.0,0.5603893399238586,0.5205125212669373,0.7950000166893005,204243.484375,0.0
0,2749,0.6266735196113586,0.621192216873169,0.763157844543457,266.0,266.0,50.0,0.3242288827896118,0.3526173233985901,0.8913043141365051,276.0,276.0,50.0,0.537723958492279,0.5934827327728271,0.7870722413063049,263.0,263.0,50.0,0.4638201892375946,0.49092671275138855,0.8352941870689392,255.0,255.0,50.0,0.5596364736557007,0.5432131290435791,0.7527675628662109,271.0,271.0,50.0,0.4700603485107422,0.469350665807724,0.810408890247345,269.0,269.0,50.0,0.5677852630615234,0.49624103307724,0.8068749904632568,204244.03125,0.0
0,2799,0.5005543828010559,0.448543906211853,0.8065692782402039,274.0,274.0,50.0,0.4066935181617737,0.44527778029441833,0.8560886979103088,271.0,271.0,50.0,0.6448341608047485,0.6139093041419983,0.780669093132019,269.0,269.0,50.0,0.47279733419418335,0.4002090394496918,0.8333334922790527,246.0,246.0,50.0,0.5506405234336853,0.5339337587356567,0.774545431137085,275.0,275.0,50.0,0.47109079360961914,0.5278922915458679,0.8037736415863037,265.0,265.0,50.0,0.5560116767883301,0.5083747506141663,0.8087500333786011,204244.4375,0.0
0,2849,0.5330014824867249,0.525440514087677,0.7955390214920044,269.0,269.0,49.0,0.3875410556793213,0.3615095317363739,0.8501872420310974,267.0,267.0,49.0,0.6725156307220459,0.638373613357544,0.7342657446861267,286.0,286.0,50.0,0.39208340644836426,0.50753253698349,0.8823530673980713,238.0,238.0,50.0,0.5540852546691895,0.585150420665741,0.7463768124580383,276.0,276.0,50.0,0.41645973920822144,0.4389816224575043,0.8181816935539246,264.0,264.0,49.0,0.5699867010116577,0.4971119463443756,0.8018749952316284,204245.328125,0.0
0,2899,0.5797430872917175,0.5489524006843567,0.776515007019043,264.0,264.0,50.0,0.3854237198829651,0.35617297887802124,0.8857142925262451,245.0,245.0,50.0,0.582148551940918,0.6162620186805725,0.7874566316604614,287.0,287.0,50.0,0.47849786281585693,0.4403513967990875,0.8374559879302979,283.0,283.0,50.0,0.6038413643836975,0.6781289577484131,0.7790263891220093,267.0,267.0,50.0,0.41150379180908203,0.4710041582584381,0.8307088017463684,254.0,254.0,50.0,0.6024332642555237,0.5098251104354858,0.815000057220459,204245.578125,0.0
0,2949,0.6128634810447693,0.6013849377632141,0.7781956791877747,266.0,266.0,50.0,0.4758220911026001,0.47188371419906616,0.8111111521720886,270.0,270.0,50.0,0.5006018877029419,0.48668208718299866,0.8196720480918884,244.0,244.0,50.0,0.5160548686981201,0.37822169065475464,0.8150944113731384,265.0,265.0,50.0,0.45631787180900574,0.45305997133255005,0.816949188709259,295.0,295.0,50.0,0.37968870997428894,0.3605395555496216,0.8653844594955444,260.0,260.0,50.0,0.5107784271240234,0.489829957485199,0.8174999952316284,204246.109375,0.0
0,2999,0.6293635368347168,0.5943106412887573,0.7716534733772278,254.0,254.0,49.0,0.4670146107673645,0.489228218793869,0.8076922297477722,260.0,260.0,50.0,0.568425178527832,0.6635677218437195,0.7879998683929443,250.0,250.0,50.0,0.3736777603626251,0.3375870883464813,0.8888887166976929,279.0,279.0,50.0,0.5066847801208496,0.5160452127456665,0.7598567008972168,279.0,279.0,50.0,0.4273871183395386,0.4724888205528259,0.8309353590011597,278.0,278.0,50.0,0.5565659403800964,0.4923895001411438,0.8087499141693115,204246.78125,0.0
0,3049,0.5453338027000427,0.6093584895133972,0.7793594002723694,281.0,281.0,50.0,0.44049501419067383,0.3826574683189392,0.8249999284744263,240.0,240.0,50.0,0.5088672041893005,0.5325222611427307,0.8171641230583191,268.0,268.0,50.0,0.4819408059120178,0.4257856607437134,0.8314606547355652,267.0,267.0,50.0,0.482020765542984,0.48258620500564575,0.7789853811264038,276.0,276.0,49.0,0.3673839569091797,0.33249491453170776,0.8805968761444092,268.0,268.0,50.0,0.5017878413200378,0.47219306230545044,0.8181248903274536,204247.46875,0.0
0,3099,0.4764961898326874,0.5303868055343628,0.7985074520111084,268.0,268.0,50.0,0.38289588689804077,0.43536847829818726,0.8373984098434448,246.0,246.0,50.0,0.546690046787262,0.4685949981212616,0.8237408995628357,278.0,278.0,50.0,0.3044399321079254,0.2838950753211975,0.8856089115142822,271.0,271.0,50.0,0.5266108512878418,0.5690934062004089,0.7906977534294128,258.0,258.0,49.0,0.48098742961883545,0.4938603639602661,0.8028674721717834,279.0,279.0,50.0,0.49618279933929443,0.45402345061302185,0.8231250047683716,204247.8125,0.0
0,3149,0.5528593063354492,0.4319417476654053,0.7655174136161804,290.0,290.0,50.0,0.30690136551856995,0.34133875370025635,0.9047619104385376,252.0,252.0,49.0,0.5430578589439392,0.5752030611038208,0.7956203818321228,274.0,274.0,50.0,0.45715469121932983,0.40956616401672363,0.8641509413719177,265.0,265.0,50.0,0.5085437297821045,0.5193693041801453,0.797793984413147,272.0,272.0,49.0,0.49333277344703674,0.6079252362251282,0.7894735336303711,247.0,247.0,50.0,0.5323600769042969,0.4798682928085327,0.8181250095367432,204248.453125,0.0
0,3199,0.653014063835144,0.4895147979259491,0.724000096321106,250.0,250.0,49.0,0.33728474378585815,0.2861667573451996,0.8810409903526306,269.0,269.0,49.0,0.4924452602863312,0.500578761100769,0.7968749403953552,256.0,256.0,49.0,0.3971524238586426,0.43584081530570984,0.8586572408676147,283.0,283.0,49.0,0.5572532415390015,0.5984207987785339,0.7547892332077026,261.0,261.0,50.0,0.5775306224822998,0.5660924911499023,0.7580070495605469,281.0,281.0,50.0,0.547764778137207,0.5001077651977539,0.796875,204248.921875,0.0
0,3249,0.5355216860771179,0.45905181765556335,0.7932330965995789,266.0,266.0,50.0,0.4024946689605713,0.34855860471725464,0.8538462519645691,260.0,260.0,49.0,0.5668874979019165,0.7428824305534363,0.7761731743812561,277.0,277.0,50.0,0.58942049741745,0.7296634912490845,0.7749075889587402,271.0,271.0,50.0,0.49676239490509033,0.5495156645774841,0.8093523383140564,278.0,278.0,50.0,0.4496067464351654,0.486341655254364,0.8266129493713379,248.0,248.0,50.0,0.5401300191879272,0.5084128975868225,0.8049999475479126,204249.421875,0.0
0,3299,0.5278916954994202,0.4896806478500366,0.7628459334373474,253.0,253.0,50.0,0.37592923641204834,0.3350781798362732,0.8352060914039612,267.0,267.0,50.0,0.5458300113677979,0.5132274627685547,0.8066912889480591,269.0,269.0,49.0,0.33483007550239563,0.29148873686790466,0.8935360908508301,263.0,263.0,50.0,0.6027132272720337,0.5769544839859009,0.7752808928489685,267.0,267.0,50.0,0.5510678887367249,0.5210771560668945,0.7864767909049988,281.0,281.0,50.0,0.5480672121047974,0.490370512008667,0.809999942779541,204249.890625,0.0
0,3349,0.5549154877662659,0.6221815943717957,0.798611044883728,288.0,288.0,50.0,0.3092823624610901,0.2689676880836487,0.8807948231697083,302.0,302.0,50.0,0.5179036855697632,0.47548720240592957,0.8060836791992188,263.0,263.0,50.0,0.3748032748699188,0.5633417367935181,0.8577073812484741,253.0,253.0,50.0,0.5040491223335266,0.647629976272583,0.7868218421936035,258.0,258.0,50.0,0.37788844108581543,0.29903632402420044,0.8474576473236084,236.0,236.0,50.0,0.5317066311836243,0.4396744966506958,0.8299999833106995,204250.578125,0.0
0,3399,0.5828298926353455,0.627477765083313,0.7894737124443054,266.0,266.0,49.0,0.40538492798805237,0.4489930272102356,0.8415095806121826,265.0,265.0,50.0,0.5045145750045776,0.5610381364822388,0.8050540685653687,277.0,277.0,50.0,0.3651643693447113,0.3948375880718231,0.8736060857772827,269.0,269.0,50.0,0.5532314777374268,0.49975067377090454,0.758364200592041,269.0,269.0,49.0,0.4046646058559418,0.4928854703903198,0.8188976645469666,254.0,254.0,50.0,0.5320034623146057,0.47002726793289185,0.8143750429153442,204250.953125,0.0
0,3449,0.5532886385917664,0.6216224431991577,0.7649253010749817,268.0,268.0,50.0,0.3974992632865906,0.4844307601451874,0.8395523428916931,268.0,268.0,50.0,0.4778725206851959,0.5499365329742432,0.8333331942558289,258.0,258.0,50.0,0.3806311786174774,0.4528000056743622,0.873469352722168,245.0,245.0,50.0,0.5366591215133667,0.49473702907562256,0.7822877764701843,271.0,271.0,50.0,0.4269767105579376,0.3361593186855316,0.8310343623161316,290.0,290.0,50.0,0.5254215002059937,0.46288424730300903,0.8199999332427979,204251.109375,0.0
0,3499,0.49763086438179016,0.4691861569881439,0.8154361248016357,298.0,298.0,50.0,0.47774630784988403,0.5881275534629822,0.8218181133270264,275.0,275.0,50.0,0.6368052363395691,0.7362778186798096,0.8025751113891602,233.0,233.0,50.0,0.41889896988868713,0.3873075544834137,0.8488373160362244,258.0,258.0,50.0,0.519925057888031,0.5924457311630249,0.7916666269302368,264.0,264.0,50.0,0.39833059906959534,0.36558884382247925,0.8492645621299744,272.0,272.0,50.0,0.5239235758781433,0.48858243227005005,0.8218749761581421,204251.34375,0.0
0,3549,0.5319241881370544,0.5416253805160522,0.7625898122787476,278.0,278.0,50.0,0.444874107837677,0.42960184812545776,0.8210117816925049,257.0,257.0,50.0,0.52564537525177,0.5869866609573364,0.8045112490653992,266.0,266.0,49.0,0.4012262523174286,0.3578653633594513,0.8678570985794067,280.0,280.0,50.0,0.6428031921386719,0.5147571563720703,0.7345132231712341,226.0,226.0,49.0,0.47236567735671997,0.41047370433807373,0.8191126585006714,293.0,293.0,50.0,0.5590996742248535,0.4987807869911194,0.8037499785423279,204251.546875,0.0
0,3599,0.5028440952301025,0.44349566102027893,0.7942237257957458,277.0,277.0,50.0,0.2895444929599762,0.2790684700012207,0.8854962587356567,262.0,262.0,50.0,0.5320753455162048,0.4488973319530487,0.8050540089607239,277.0,277.0,49.0,0.5114017724990845,0.5353239178657532,0.8164792656898499,267.0,267.0,50.0,0.48874837160110474,0.37890782952308655,0.8167331218719482,251.0,251.0,50.0,0.4748527705669403,0.42765313386917114,0.8383458256721497,266.0,266.0,50.0,0.5077507495880127,0.4675402045249939,0.825624942779541,204251.90625,0.0
0,3649,0.5307233929634094,0.4900473654270172,0.7611940503120422,268.0,268.0,50.0,0.4363480806350708,0.521563708782196,0.8286852836608887,251.0,251.0,50.0,0.49207067489624023,0.5437718629837036,0.8284671306610107,274.0,274.0,50.0,0.5820704698562622,0.5169118642807007,0.8143938779830933,264.0,264.0,50.0,0.6311317682266235,0.6139273643493652,0.7591241002082825,274.0,274.0,50.0,0.38585686683654785,0.3764241337776184,0.8550185561180115,269.0,269.0,50.0,0.5514618754386902,0.5106105208396912,0.8075000047683716,204252.359375,0.0
0,3699,0.520123302936554,0.5552285313606262,0.792156994342804,255.0,255.0,50.0,0.3567168712615967,0.2710702121257782,0.8503937125205994,254.0,254.0,50.0,0.5784218907356262,0.5007917881011963,0.8064516186714172,248.0,248.0,49.0,0.5126752257347107,0.5356609225273132,0.8068965077400208,290.0,290.0,50.0,0.48417437076568604,0.4242507219314575,0.8111110925674438,270.0,270.0,50.0,0.4227263033390045,0.3866676092147827,0.837455689907074,283.0,283.0,50.0,0.5188071131706238,0.47857534885406494,0.8174999952316284,204252.84375,0.0
0,3749,0.5975522994995117,0.7150781154632568,0.7480621337890625,258.0,258.0,50.0,0.4055018126964569,0.4318545460700989,0.8160919547080994,261.0,261.0,50.0,0.5045142769813538,0.6597317457199097,0.8187702298164368,309.0,309.0,50.0,0.5626097321510315,0.5973179340362549,0.8045977354049683,261.0,261.0,50.0,0.5566017627716064,0.5422631502151489,0.7968749403953552,256.0,256.0,50.0,0.38269373774528503,0.31291332840919495,0.8745096325874329,255.0,255.0,50.0,0.5741618275642395,0.5017609596252441,0.809999942779541,204253.3125,0.0
0,3799,0.4809947907924652,0.6549803018569946,0.8102190494537354,274.0,274.0,50.0,0.41862955689430237,0.3664068877696991,0.8362990617752075,281.0,281.0,50.0,0.5225808620452881,0.44389981031417847,0.8326359987258911,239.0,239.0,50.0,0.5788230299949646,0.5641904473304749,0.7862069010734558,290.0,290.0,50.0,0.5079787969589233,0.39142006635665894,0.8015564680099487,257.0,257.0,50.0,0.39240196347236633,0.29928046464920044,0.8648649454116821,259.0,259.0,50.0,0.50823575258255,0.4839785099029541,0.8212500810623169,204253.59375,0.0
0,3849,0.42342451214790344,0.42287176847457886,0.814189076423645,296.0,296.0,50.0,0.28362002968788147,0.2725771963596344,0.8806585073471069,243.0,243.0,50.0,0.5485116243362427,0.4920525550842285,0.7711266875267029,284.0,284.0,50.0,0.5640338659286499,0.49540141224861145,0.8214285969734192,252.0,252.0,50.0,0.5223497152328491,0.4522417187690735,0.793522298336029,247.0,247.0,49.0,0.4160771071910858,0.38693809509277344,0.8345323801040649,278.0,278.0,50.0,0.5086222887039185,0.46053561568260193,0.8181249499320984,204253.84375,0.0
0,3899,0.5035020709037781,0.626529335975647,0.826714813709259,277.0,277.0,50.0,0.2987743020057678,0.3595335781574249,0.8853755593299866,253.0,253.0,50.0,0.44509345293045044,0.35265421867370605,0.8419244885444641,291.0,291.0,50.0,0.4861152768135071,0.3185092508792877,0.8205128312110901,273.0,273.0,50.0,0.4718093276023865,0.5082646608352661,0.806034505367279,232.0,232.0,50.0,0.4241625666618347,0.4472183883190155,0.8321168422698975,274.0,274.0,50.0,0.47040581703186035,0.4393574595451355,0.8356250524520874,204254.203125,0.0
0,3949,0.5102436542510986,0.42452263832092285,0.8188153505325317,287.0,287.0,50.0,0.31011664867401123,0.21897739171981812,0.8943396806716919,265.0,265.0,50.0,0.5865541100502014,0.5150856971740723,0.7765956521034241,282.0,282.0,50.0,0.41542869806289673,0.4184654951095581,0.8571429252624512,238.0,238.0,50.0,0.569754421710968,0.47134286165237427,0.7773720622062683,274.0,274.0,50.0,0.5079478025436401,0.5920562744140625,0.7952755689620972,254.0,254.0,50.0,0.5489338040351868,0.48627036809921265,0.8187499642372131,204254.328125,0.0
0,3999,0.5414236187934875,0.434830904006958,0.7886791825294495,265.0,265.0,50.0,0.4036291241645813,0.2693662643432617,0.8415493965148926,284.0,284.0,50.0,0.5055592060089111,0.4041052758693695,0.8274510502815247,255.0,255.0,50.0,0.4358794093132019,0.4335746765136719,0.8571429252624512,266.0,266.0,50.0,0.5203422904014587,0.5117936134338379,0.7677164077758789,254.0,254.0,50.0,0.38915878534317017,0.40588441491127014,0.8442027568817139,276.0,276.0,49.0,0.500292956829071,0.46409013867378235,0.8218749761581421,204254.734375,0.0
0,4049,0.5649685859680176,0.5212833881378174,0.7656249403953552,256.0,256.0,50.0,0.43117618560791016,0.6462934017181396,0.8373701572418213,289.0,289.0,50.0,0.5602323412895203,0.5724935531616211,0.7846715450286865,274.0,274.0,50.0,0.5326876640319824,0.53313148021698,0.8045979142189026,261.0,261.0,50.0,0.5407844185829163,0.45092353224754333,0.7983871698379517,248.0,248.0,50.0,0.3966129720211029,0.3480059802532196,0.845588207244873,272.0,272.0,50.0,0.5574408173561096,0.5023564100265503,0.8068749904632568,204254.828125,0.0
0,4099,0.49435955286026,0.5459966063499451,0.8095237612724304,294.0,294.0,49.0,0.35190048813819885,0.48822087049484253,0.84962397813797,266.0,266.0,50.0,0.5568048357963562,0.6604446768760681,0.8007813096046448,256.0,256.0,50.0,0.46948719024658203,0.5298244953155518,0.8458499312400818,253.0,253.0,50.0,0.4901331961154938,0.39549070596694946,0.7954546213150024,264.0,264.0,50.0,0.4025422930717468,0.25675901770591736,0.8539323806762695,267.0,267.0,50.0,0.5088679790496826,0.4607146978378296,0.8256250023841858,204255.03125,0.0
0,4149,0.6158642768859863,0.44336825609207153,0.7663934826850891,244.0,244.0,49.0,0.3065160810947418,0.32565242052078247,0.875,240.0,240.0,50.0,0.5668007135391235,0.7289925813674927,0.8021582365036011,278.0,278.0,50.0,0.5714921355247498,0.7706687450408936,0.7773721218109131,274.0,274.0,50.0,0.5312116742134094,0.5905194878578186,0.7727272510528564,286.0,286.0,50.0,0.3815420866012573,0.41486120223999023,0.8633094429969788,278.0,278.0,50.0,0.5553320646286011,0.4974933862686157,0.8087499737739563,204255.140625,0.0
0,4199,0.5962399244308472,0.6116859912872314,0.7659574747085571,235.0,235.0,50.0,0.3113657534122467,0.29672497510910034,0.9062499403953552,288.0,288.0,50.0,0.5760148167610168,0.5868628621101379,0.8046876192092896,256.0,256.0,50.0,0.4332214593887329,0.42974716424942017,0.8601396679878235,286.0,286.0,50.0,0.5801205635070801,0.6148752570152283,0.76951664686203,269.0,269.0,50.0,0.46145695447921753,0.4570658802986145,0.8308272361755371,266.0,266.0,50.0,0.5747035145759583,0.48746925592422485,0.8256250023841858,204255.265625,0.0
0,4249,0.5636628866195679,0.466795414686203,0.7814814448356628,270.0,270.0,50.0,0.33380547165870667,0.311098575592041,0.8754579424858093,273.0,273.0,50.0,0.54440838098526,0.5682807564735413,0.8055555820465088,252.0,252.0,49.0,0.5442951321601868,0.6447990536689758,0.8202246427536011,267.0,267.0,50.0,0.5119759440422058,0.5578199625015259,0.7925925850868225,270.0,270.0,50.0,0.39735954999923706,0.4149412512779236,0.8507463335990906,268.0,268.0,50.0,0.5351145267486572,0.48160091042518616,0.8212499618530273,204255.375,0.0
0,4299,0.4976307153701782,0.38848358392715454,0.8083624839782715,287.0,287.0,50.0,0.4110453724861145,0.516642689704895,0.8411552906036377,277.0,277.0,50.0,0.4435400068759918,0.5779561400413513,0.8553721904754639,242.0,242.0,50.0,0.4018726050853729,0.45058703422546387,0.8633092641830444,278.0,278.0,50.0,0.49825239181518555,0.5049033164978027,0.7826087474822998,253.0,253.0,50.0,0.3626357316970825,0.34061044454574585,0.8669201135635376,263.0,263.0,50.0,0.4795665144920349,0.4357299208641052,0.8362500667572021,204255.921875,0.0
0,4349,0.4674634039402008,0.4265614151954651,0.8145454525947571,275.0,275.0,50.0,0.3604631721973419,0.35273441672325134,0.8642385601997375,302.0,302.0,50.0,0.5025704503059387,0.4738616347312927,0.8164063692092896,256.0,256.0,50.0,0.5485856533050537,0.6361101865768433,0.8199998736381531,250.0,250.0,48.0,0.5007356405258179,0.44376319646835327,0.8235293626785278,255.0,255.0,50.0,0.36798325181007385,0.3493608832359314,0.8625954389572144,262.0,262.0,50.0,0.48253992199897766,0.45457249879837036,0.8343750238418579,204256.171875,0.0
0,4399,0.46886926889419556,0.4627949595451355,0.8037734627723694,265.0,265.0,50.0,0.348808228969574,0.3278471827507019,0.8682171702384949,258.0,258.0,50.0,0.5092491507530212,0.6007722616195679,0.8211677670478821,274.0,274.0,50.0,0.38458365201950073,0.2914615571498871,0.8698883652687073,269.0,269.0,50.0,0.4895446002483368,0.5955556631088257,0.8174604177474976,252.0,252.0,50.0,0.4589534103870392,0.3716156780719757,0.8191489577293396,282.0,282.0,50.0,0.5070940256118774,0.4437626600265503,0.8331249952316284,204256.296875,0.0
0,4449,0.4569585621356964,0.35585901141166687,0.8188976645469666,254.0,254.0,50.0,0.30098384618759155,0.4075428247451782,0.8730157613754272,252.0,252.0,50.0,0.4320697784423828,0.4126032590866089,0.8481482267379761,270.0,270.0,50.0,0.3882848024368286,0.3813903331756592,0.8650518655776978,289.0,289.0,50.0,0.5367981195449829,0.6065648794174194,0.7993196249008179,294.0,294.0,50.0,0.45882678031921387,0.44029736518859863,0.8174275755882263,241.0,241.0,49.0,0.4933522045612335,0.43074026703834534,0.8368749618530273,204256.453125,0.0
0,4499,0.515582799911499,0.47320616245269775,0.7709924578666687,262.0,262.0,50.0,0.2559005618095398,0.2453150451183319,0.9087454080581665,263.0,263.0,50.0,0.5607885122299194,0.5808576345443726,0.8071427941322327,280.0,280.0,50.0,0.3594822585582733,0.3149063289165497,0.8816794753074646,262.0,262.0,50.0,0.46539074182510376,0.46986621618270874,0.8278388381004333,273.0,273.0,50.0,0.5113755464553833,0.5539347529411316,0.7923076748847961,260.0,260.0,50.0,0.49104630947113037,0.4459993541240692,0.8312500715255737,204256.734375,0.0
0,4549,0.49117347598075867,0.5518308877944946,0.814229428768158,253.0,253.0,50.0,0.3925047814846039,0.4681923985481262,0.8571429252624512,273.0,273.0,49.0,0.5264033079147339,0.576775848865509,0.7951390147209167,288.0,288.0,50.0,0.2601552903652191,0.2128104418516159,0.9346153736114502,260.0,260.0,50.0,0.5311588048934937,0.5352147817611694,0.7732343673706055,269.0,269.0,50.0,0.44058576226234436,0.4953824579715729,0.8093386888504028,257.0,257.0,50.0,0.5089746713638306,0.4417359232902527,0.830000102519989,204256.90625,0.0
0,4599,0.46315333247184753,0.4443054497241974,0.8362990021705627,281.0,281.0,50.0,0.25963065028190613,0.21211087703704834,0.9031007289886475,258.0,258.0,50.0,0.5091589093208313,0.5164894461631775,0.8136200904846191,279.0,279.0,50.0,0.5071730613708496,0.360759437084198,0.8277151584625244,267.0,267.0,50.0,0.5878562927246094,0.7337362170219421,0.7736626863479614,243.0,243.0,49.0,0.5464853048324585,0.4962649345397949,0.7683823704719543,272.0,272.0,50.0,0.5124035477638245,0.47880902886390686,0.8206250071525574,204256.890625,0.0
0,4649,0.5154428482055664,0.4558425843715668,0.8021978139877319,273.0,273.0,50.0,0.3111017048358917,0.4042970538139343,0.8754448890686035,281.0,281.0,50.0,0.4685281217098236,0.42969468235969543,0.8652481436729431,282.0,282.0,50.0,0.41026681661605835,0.5405187010765076,0.8741258978843689,286.0,286.0,50.0,0.6262232661247253,0.6117483973503113,0.7588932514190674,253.0,253.0,50.0,0.46883392333984375,0.3802723288536072,0.8177778124809265,225.0,225.0,49.0,0.5595620274543762,0.46344923973083496,0.8343750238418579,204257.109375,0.0
0,4699,0.4980762302875519,0.3943900167942047,0.8006536364555359,306.0,306.0,50.0,0.3356204628944397,0.37625253200531006,0.8685258030891418,251.0,251.0,50.0,0.5371139645576477,0.6175302267074585,0.8281251788139343,256.0,256.0,50.0,0.512712299823761,0.626448392868042,0.8115384578704834,260.0,260.0,50.0,0.4965652525424957,0.619875967502594,0.8021204471588135,283.0,283.0,50.0,0.3814757466316223,0.4213530421257019,0.8647539615631104,244.0,244.0,50.0,0.5081725716590881,0.4631665349006653,0.82750004529953,204257.03125,0.0
0,4749,0.4909774363040924,0.5972287058830261,0.793893039226532,262.0,262.0,50.0,0.3271079659461975,0.2889550030231476,0.8661971688270569,284.0,284.0,50.0,0.539810299873352,0.5504599809646606,0.7982832789421082,233.0,233.0,50.0,0.4788469076156616,0.42228806018829346,0.8423076272010803,260.0,260.0,49.0,0.4830329120159149,0.5829870700836182,0.7978724241256714,282.0,282.0,50.0,0.42270174622535706,0.3831641376018524,0.8387096524238586,279.0,279.0,50.0,0.5160039067268372,0.45372486114501953,0.8237500190734863,204257.140625,0.0
0,4799,0.5157588720321655,0.4915761351585388,0.7747035622596741,253.0,253.0,50.0,0.315579354763031,0.3451528251171112,0.8971630930900574,282.0,282.0,49.0,0.5343727469444275,0.6411299705505371,0.8185483813285828,248.0,248.0,50.0,0.4764360785484314,0.44897398352622986,0.8448275327682495,232.0,232.0,50.0,0.4436485767364502,0.39467722177505493,0.8239437937736511,284.0,284.0,50.0,0.42852500081062317,0.4696774482727051,0.8372092247009277,301.0,301.0,50.0,0.48912757635116577,0.44845011830329895,0.8337499499320984,204257.21875,0.0
0,4849,0.5355604290962219,0.650139570236206,0.7755904793739319,254.0,254.0,50.0,0.4044521152973175,0.43949440121650696,0.8308270573616028,266.0,266.0,50.0,0.5651248693466187,0.5938676595687866,0.7829182147979736,281.0,281.0,49.0,0.4085715711116791,0.540492057800293,0.8672199249267578,241.0,241.0,50.0,0.517210066318512,0.4362294375896454,0.7971530556678772,281.0,281.0,50.0,0.45572370290756226,0.418617844581604,0.8267149329185486,277.0,277.0,50.0,0.551182210445404,0.4827836751937866,0.8125,204257.3125,0.0
0,4899,0.5014634132385254,0.6442803144454956,0.7928286790847778,251.0,251.0,50.0,0.37008222937583923,0.32780003547668457,0.8407405614852905,270.0,270.0,50.0,0.5425226092338562,0.5701931715011597,0.8008474111557007,236.0,236.0,50.0,0.36553046107292175,0.35491496324539185,0.8836363554000854,275.0,275.0,50.0,0.5463367700576782,0.5305676460266113,0.7777778506278992,279.0,279.0,50.0,0.4525647759437561,0.48496806621551514,0.8235293030738831,289.0,289.0,50.0,0.5164427757263184,0.46097803115844727,0.8206249475479126,204257.453125,0.0
0,4949,0.48100215196609497,0.5487455129623413,0.7929686307907104,256.0,256.0,50.0,0.4122883975505829,0.38530978560447693,0.8372094035148621,258.0,258.0,49.0,0.531458854675293,0.6282301545143127,0.8076923489570618,286.0,286.0,50.0,0.36196666955947876,0.3672404885292053,0.8862744569778442,255.0,255.0,50.0,0.5177916288375854,0.4328773319721222,0.812977135181427,262.0,262.0,49.0,0.45850929617881775,0.36974984407424927,0.8445228934288025,283.0,283.0,50.0,0.5312491059303284,0.4620157480239868,0.8299999237060547,204257.40625,0.0
0,4999,0.528780460357666,0.4276966154575348,0.7548637986183167,257.0,257.0,50.0,0.36967161297798157,0.4129472076892853,0.867796778678894,295.0,295.0,50.0,0.44896823167800903,0.4339730441570282,0.8315412402153015,279.0,279.0,50.0,0.34970563650131226,0.2989659905433655,0.8871596455574036,257.0,257.0,50.0,0.508365273475647,0.6128713488578796,0.7943547368049622,248.0,248.0,50.0,0.5669651627540588,0.45128947496414185,0.7840909361839294,264.0,264.0,50.0,0.5150196552276611,0.4598997235298157,0.8212500214576721,204257.484375,0.0
0,5049,0.48755693435668945,0.4491995573043823,0.8045111894607544,266.0,266.0,50.0,0.39611274003982544,0.3983999788761139,0.8358778953552246,262.0,262.0,49.0,0.4944795072078705,0.49397361278533936,0.8220640420913696,281.0,281.0,50.0,0.46351170539855957,0.547534167766571,0.8619527816772461,297.0,297.0,50.0,0.6026278138160706,0.5295267105102539,0.7479673027992249,246.0,246.0,50.0,0.3677913248538971,0.36347857117652893,0.8790321350097656,248.0,248.0,50.0,0.5455169677734375,0.46846380829811096,0.8262499570846558,204257.515625,0.0
0,5099,0.5367095470428467,0.581871509552002,0.7910445928573608,268.0,268.0,50.0,0.42845648527145386,0.3419797420501709,0.8372092843055725,258.0,258.0,49.0,0.48758241534233093,0.5397967100143433,0.8307086229324341,254.0,254.0,49.0,0.3856397271156311,0.6091269254684448,0.8719723224639893,289.0,289.0,50.0,0.5129587054252625,0.48369553685188293,0.7876448035240173,259.0,259.0,50.0,0.4384341537952423,0.38483524322509766,0.8382354378700256,272.0,272.0,50.0,0.5107256770133972,0.46361634135246277,0.8268750309944153,204257.75,0.0
0,5149,0.49950507283210754,0.4377557337284088,0.8235294818878174,255.0,255.0,50.0,0.3216540515422821,0.34608104825019836,0.8807692527770996,260.0,260.0,50.0,0.5369619131088257,0.548779308795929,0.7868219614028931,258.0,258.0,50.0,0.38476184010505676,0.33138689398765564,0.8782287836074829,271.0,271.0,50.0,0.5020596385002136,0.42087239027023315,0.7916667461395264,288.0,288.0,50.0,0.36868658661842346,0.48438191413879395,0.8582088947296143,268.0,268.0,49.0,0.5159856081008911,0.43575727939605713,0.8362500667572021,204257.765625,0.0
0,5199,0.5929551720619202,0.762775719165802,0.7785715460777283,280.0,280.0,50.0,0.3612823784351349,0.2672235369682312,0.87109375,256.0,256.0,50.0,0.4504556357860565,0.4843747615814209,0.8687258362770081,259.0,259.0,48.0,0.4596942365169525,0.4444657862186432,0.85294109582901,272.0,272.0,50.0,0.5207037329673767,0.5908596515655518,0.807692289352417,260.0,260.0,50.0,0.47290539741516113,0.5190975069999695,0.8278385996818542,273.0,273.0,50.0,0.5146456360816956,0.47794169187545776,0.8337498903274536,204257.875,0.0
0,5249,0.5032058358192444,0.440525084733963,0.8006992340087891,286.0,286.0,50.0,0.38944292068481445,0.2951936423778534,0.8264151215553284,265.0,265.0,49.0,0.5470775365829468,0.609661877155304,0.7985348105430603,273.0,273.0,50.0,0.3892024755477905,0.32451239228248596,0.8759688138961792,258.0,258.0,50.0,0.4555896818637848,0.5734715461730957,0.8081181049346924,271.0,271.0,49.0,0.403828889131546,0.47957733273506165,0.8582996726036072,247.0,247.0,50.0,0.5079723000526428,0.4500601291656494,0.8268749713897705,204258.078125,0.0
0,5299,0.5300248861312866,0.5954160094261169,0.7848606705665588,251.0,251.0,50.0,0.36469289660453796,0.3180249035358429,0.8728521466255188,291.0,291.0,50.0,0.6066884398460388,0.6461560130119324,0.7785977125167847,271.0,271.0,50.0,0.5437657833099365,0.4835743308067322,0.822525680065155,293.0,293.0,50.0,0.48723000288009644,0.3662812411785126,0.7885463833808899,227.0,227.0,50.0,0.3492923676967621,0.3242281675338745,0.876404345035553,267.0,267.0,50.0,0.5507527589797974,0.4792250990867615,0.8224999904632568,204258.234375,0.0
0,5349,0.4514661431312561,0.5321622490882874,0.8201438784599304,278.0,278.0,49.0,0.33204102516174316,0.3065757751464844,0.8740459084510803,262.0,262.0,49.0,0.5564616322517395,0.6007108092308044,0.8030303716659546,264.0,264.0,50.0,0.4927663207054138,0.5195159912109375,0.8333332538604736,270.0,270.0,50.0,0.5268305540084839,0.509315013885498,0.7904414534568787,272.0,272.0,50.0,0.369305819272995,0.34623369574546814,0.8740156888961792,254.0,254.0,50.0,0.5244424939155579,0.45597296953201294,0.8318750858306885,204258.28125,0.0
0,5399,0.520318865776062,0.43499892950057983,0.8065690994262695,274.0,274.0,50.0,0.397362619638443,0.31562668085098267,0.847058892250061,255.0,255.0,50.0,0.4789016544818878,0.44312623143196106,0.8445231318473816,283.0,283.0,50.0,0.5803320407867432,0.5231490731239319,0.7943260669708252,282.0,282.0,50.0,0.4521035850048065,0.48128223419189453,0.8007968664169312,251.0,251.0,50.0,0.40198707580566406,0.38625669479370117,0.8509804606437683,255.0,255.0,50.0,0.4923867881298065,0.4744139611721039,0.8237499594688416,204258.34375,0.0
0,5449,0.5344239473342896,0.3804888129234314,0.8000000715255737,280.0,280.0,50.0,0.254752516746521,0.1580083668231964,0.9106528759002686,291.0,291.0,50.0,0.4517020583152771,0.6031020879745483,0.86454176902771,251.0,251.0,50.0,0.43013375997543335,0.38688188791275024,0.8621907830238342,283.0,283.0,50.0,0.5676149129867554,0.6402708292007446,0.7873134613037109,268.0,268.0,50.0,0.43733906745910645,0.5888568162918091,0.819383442401886,227.0,227.0,50.0,0.5346559882164001,0.44392096996307373,0.8418750166893005,204258.453125,0.0
0,5499,0.538119375705719,0.47010257840156555,0.7870721817016602,263.0,263.0,49.0,0.2587197721004486,0.2556588649749756,0.9163498282432556,263.0,263.0,50.0,0.5270467400550842,0.5792884826660156,0.830826997756958,266.0,266.0,50.0,0.47578707337379456,0.4164806604385376,0.8358208537101746,268.0,268.0,50.0,0.4901513159275055,0.5214844942092896,0.821561336517334,269.0,269.0,50.0,0.38954681158065796,0.40107908844947815,0.8560885190963745,271.0,271.0,50.0,0.5072850584983826,0.44668248295783997,0.8412500023841858,204258.5,0.0
0,5549,0.4136369228363037,0.45194175839424133,0.8461537957191467,299.0,299.0,50.0,0.28244513273239136,0.31956276297569275,0.90234375,256.0,256.0,50.0,0.5125694274902344,0.579498827457428,0.8127209544181824,283.0,283.0,50.0,0.38145655393600464,0.3148583769798279,0.8923078179359436,260.0,260.0,50.0,0.5012156367301941,0.5387612581253052,0.8030304312705994,264.0,264.0,49.0,0.48872363567352295,0.41899314522743225,0.789915919303894,238.0,238.0,50.0,0.4785909950733185,0.4305352568626404,0.8412500619888306,204258.46875,0.0
0,5599,0.49567997455596924,0.5400747656822205,0.8021977543830872,273.0,273.0,50.0,0.26842448115348816,0.2730562686920166,0.9003830552101135,261.0,261.0,50.0,0.3610953390598297,0.38819199800491333,0.8835615515708923,292.0,292.0,49.0,0.4527411460876465,0.4889766573905945,0.8598485589027405,264.0,264.0,50.0,0.4850631058216095,0.43293139338493347,0.8048780560493469,246.0,246.0,49.0,0.42442238330841064,0.39710211753845215,0.8295453786849976,264.0,264.0,50.0,0.44198328256607056,0.4135724902153015,0.8474999666213989,204258.5,0.0
0,5649,0.44956424832344055,0.47214004397392273,0.8204225301742554,284.0,284.0,50.0,0.3400770127773285,0.3926485776901245,0.8666667938232422,255.0,255.0,50.0,0.5473745465278625,0.5503810048103333,0.7756654024124146,263.0,263.0,50.0,0.5184262990951538,0.44706591963768005,0.8357140421867371,280.0,280.0,50.0,0.45188668370246887,0.415739506483078,0.839415967464447,274.0,274.0,50.0,0.4132038652896881,0.33731499314308167,0.8278689980506897,244.0,244.0,49.0,0.4725133180618286,0.45509594678878784,0.8274999856948853,204258.609375,0.0
0,5699,0.5204580426216125,0.5368105173110962,0.817241370677948,290.0,290.0,50.0,0.4039976894855499,0.4009701609611511,0.8401487469673157,269.0,269.0,50.0,0.6132413744926453,0.6137097477912903,0.7790696620941162,258.0,258.0,50.0,0.49869051575660706,0.5387792587280273,0.8255317807197571,235.0,235.0,50.0,0.562666118144989,0.62687748670578,0.7785978317260742,271.0,271.0,50.0,0.43374502658843994,0.431601881980896,0.8303248882293701,277.0,277.0,50.0,0.5470856428146362,0.5047791600227356,0.8118749856948853,204258.65625,0.0
0,5749,0.49197110533714294,0.5857619643211365,0.8152173161506653,276.0,276.0,50.0,0.32054927945137024,0.23881925642490387,0.8801653981208801,242.0,242.0,50.0,0.4136369228363037,0.46159055829048157,0.8700787425041199,254.0,254.0,50.0,0.4992627501487732,0.5736631155014038,0.8351648449897766,273.0,273.0,50.0,0.45841294527053833,0.41456761956214905,0.8316497802734375,297.0,297.0,50.0,0.41550952196121216,0.36921679973602295,0.8178293704986572,258.0,258.0,50.0,0.45447927713394165,0.43629348278045654,0.8406249284744263,204258.703125,0.0
0,5799,0.5639825463294983,0.5292024612426758,0.7902097702026367,286.0,286.0,50.0,0.31448879837989807,0.26496121287345886,0.8821138739585876,246.0,246.0,50.0,0.5405405759811401,0.6817244291305542,0.8171206712722778,257.0,257.0,50.0,0.40986135601997375,0.36478668451309204,0.8659003376960754,261.0,261.0,50.0,0.4784192442893982,0.4794788360595703,0.8066915273666382,269.0,269.0,49.0,0.4115460515022278,0.40602391958236694,0.8612098693847656,281.0,281.0,50.0,0.5124480724334717,0.45555952191352844,0.8362500071525574,204258.78125,0.0
0,5849,0.4817041754722595,0.6372090578079224,0.8068183660507202,264.0,264.0,50.0,0.2661691904067993,0.2706582844257355,0.9020406007766724,245.0,245.0,50.0,0.5137227773666382,0.5939933061599731,0.8291667699813843,240.0,240.0,49.0,0.4031415581703186,0.4996563792228699,0.8485804796218872,317.0,317.0,50.0,0.4837123155593872,0.4503591060638428,0.8138686418533325,274.0,274.0,50.0,0.5048887133598328,0.4949359595775604,0.7923077344894409,260.0,260.0,50.0,0.49932655692100525,0.4420493245124817,0.8318750858306885,204258.75,0.0
0,5899,0.4539938271045685,0.4639134109020233,0.807086706161499,254.0,254.0,49.0,0.2858956456184387,0.2743856906890869,0.8945454359054565,275.0,275.0,50.0,0.5083004832267761,0.34611430764198303,0.8161763548851013,272.0,272.0,50.0,0.34622636437416077,0.24410173296928406,0.8875502943992615,249.0,249.0,50.0,0.5135884881019592,0.38590356707572937,0.8117647171020508,255.0,255.0,50.0,0.457812637090683,0.5455845594406128,0.8169491291046143,295.0,295.0,50.0,0.45489513874053955,0.42776477336883545,0.8387500047683716,204258.765625,0.0
0,5949,0.6116305589675903,0.4608866274356842,0.7317073941230774,246.0,246.0,50.0,0.3517743945121765,0.253357857465744,0.8586573600769043,283.0,283.0,50.0,0.4444727599620819,0.6372732520103455,0.8425194621086121,254.0,254.0,50.0,0.4471796154975891,0.457501620054245,0.8514493107795715,276.0,276.0,50.0,0.51961749792099,0.5933512449264526,0.7954543828964233,264.0,264.0,50.0,0.4541466236114502,0.4474810063838959,0.844765305519104,277.0,277.0,50.0,0.5197986364364624,0.4683178663253784,0.8224999904632568,204258.765625,0.0
0,5999,0.4292770326137543,0.43562212586402893,0.8214285969734192,280.0,280.0,50.0,0.403869092464447,0.4094180762767792,0.8379446268081665,253.0,253.0,50.0,0.5037683248519897,0.5131134986877441,0.8174272179603577,241.0,241.0,50.0,0.49457186460494995,0.4195237457752228,0.8365017771720886,263.0,263.0,50.0,0.5886132717132568,0.63224858045578,0.7545785307884216,273.0,273.0,50.0,0.5195122361183167,0.44826358556747437,0.7827584743499756,290.0,290.0,50.0,0.5310927629470825,0.4907543659210205,0.807499885559082,204258.703125,0.0
0,6049,0.6033663153648376,0.4944956302642822,0.77173912525177,276.0,276.0,50.0,0.32675251364707947,0.33883044123649597,0.8664259314537048,277.0,277.0,50.0,0.6221758127212524,0.6506500840187073,0.7660377621650696,265.0,265.0,50.0,0.3846130669116974,0.4442593455314636,0.8769230842590332,260.0,260.0,50.0,0.5500471591949463,0.4394972026348114,0.7692309617996216,247.0,247.0,50.0,0.47862085700035095,0.5202865600585938,0.8145455121994019,275.0,275.0,50.0,0.5768224000930786,0.49337372183799744,0.8112500309944153,204258.75,0.0
0,6099,0.5177197456359863,0.3955482840538025,0.787644624710083,259.0,259.0,50.0,0.33223405480384827,0.3475933074951172,0.8598483800888062,264.0,264.0,49.0,0.5450496077537537,0.5306287407875061,0.7948718667030334,273.0,273.0,49.0,0.36906731128692627,0.3512047231197357,0.8795181512832642,249.0,249.0,50.0,0.5042015314102173,0.5293402075767517,0.7985612154006958,278.0,278.0,50.0,0.4642461836338043,0.4625101387500763,0.8122743964195251,277.0,277.0,50.0,0.5093115568161011,0.4570373296737671,0.8212500214576721,204258.734375,0.0
0,6149,0.4548320174217224,0.48416784405708313,0.8525896072387695,251.0,251.0,50.0,0.36942780017852783,0.4116295278072357,0.8383458852767944,266.0,266.0,50.0,0.580147922039032,0.4821402430534363,0.8221343159675598,253.0,253.0,49.0,0.43036410212516785,0.4302181005477905,0.84765625,256.0,256.0,50.0,0.5396111011505127,0.478322297334671,0.7607142329216003,280.0,280.0,50.0,0.44217896461486816,0.45548945665359497,0.8163265585899353,294.0,294.0,50.0,0.5331270098686218,0.46904560923576355,0.8218749761581421,204258.734375,0.0
0,6199,0.5918279886245728,0.5043673515319824,0.7773107886314392,238.0,238.0,49.0,0.4237356185913086,0.39792847633361816,0.831417441368103,261.0,261.0,50.0,0.49791598320007324,0.4533369243144989,0.8165466785430908,278.0,278.0,49.0,0.4770726263523102,0.44933998584747314,0.8603772521018982,265.0,265.0,49.0,0.4472266733646393,0.46066564321517944,0.8131488561630249,289.0,289.0,50.0,0.3817015588283539,0.32849550247192383,0.8661710023880005,269.0,269.0,50.0,0.49329447746276855,0.4676382541656494,0.828125,204258.71875,0.0
0,6249,0.528701901435852,0.5318712592124939,0.7586206197738647,261.0,261.0,50.0,0.35973456501960754,0.31512022018432617,0.8478261828422546,276.0,276.0,50.0,0.5491119623184204,0.61322420835495,0.8000000715255737,265.0,265.0,49.0,0.3655259907245636,0.4888525903224945,0.8784313201904297,255.0,255.0,50.0,0.4076121747493744,0.4379769563674927,0.8395523428916931,268.0,268.0,50.0,0.3899341821670532,0.38843411207199097,0.8436363935470581,275.0,275.0,50.0,0.477459579706192,0.43279606103897095,0.828125,204258.71875,0.0
0,6299,0.4955003559589386,0.5528525710105896,0.7723879814147949,268.0,268.0,50.0,0.2671683132648468,0.2928636372089386,0.8981131911277771,265.0,265.0,50.0,0.5432755947113037,0.580213189125061,0.8233082294464111,266.0,266.0,50.0,0.4028606712818146,0.2921711504459381,0.8493151068687439,292.0,292.0,50.0,0.5063446760177612,0.499754399061203,0.7701611518859863,248.0,248.0,49.0,0.43234017491340637,0.3966715931892395,0.8544061779975891,261.0,261.0,50.0,0.5210215449333191,0.4400966167449951,0.8287500143051147,204258.734375,0.0
0,6349,0.48970305919647217,0.42988288402557373,0.8156028389930725,282.0,282.0,50.0,0.34100693464279175,0.3599262833595276,0.8750000596046448,264.0,264.0,50.0,0.4709545075893402,0.477439284324646,0.8255814909934998,258.0,258.0,50.0,0.3484923243522644,0.4351494014263153,0.88345867395401,266.0,266.0,50.0,0.5394567251205444,0.5232588648796082,0.7651822566986084,247.0,247.0,50.0,0.3974669277667999,0.3696185052394867,0.833922266960144,283.0,283.0,50.0,0.4813302159309387,0.43003517389297485,0.8337500095367432,204258.734375,0.0
0,6399,0.4849826693534851,0.5243934392929077,0.8102766871452332,253.0,253.0,50.0,0.35531240701675415,0.3387138843536377,0.850574791431427,261.0,261.0,50.0,0.4801180362701416,0.4403112828731537,0.8432055711746216,287.0,287.0,50.0,0.36488455533981323,0.37477532029151917,0.8639706373214722,272.0,272.0,50.0,0.5345860123634338,0.5940771102905273,0.787644624710083,259.0,259.0,50.0,0.4936699867248535,0.42233651876449585,0.7761195302009583,268.0,268.0,49.0,0.5233747363090515,0.4520255923271179,0.8224999904632568,204258.734375,0.0
0,6442,0.3371560275554657,0.3752918541431427,0.875,224.0,224.0,43.0,0.3484271168708801,0.30638375878334045,0.8538814187049866,219.0,219.0,42.0,0.47472527623176575,0.4488469660282135,0.8088890314102173,225.0,225.0,43.0,0.3470095694065094,0.3707236051559448,0.8774703145027161,253.0,253.0,43.0,0.454057902097702,0.4330189526081085,0.8085108995437622,235.0,235.0,43.0,0.6099236607551575,0.5731853246688843,0.7397260069847107,219.0,219.0,43.0,0.41559550166130066,0.4266996383666992,0.8283637762069702,204258.734375,0.0
